SET client_encoding = 'UTF8';
SET standard_conforming_strings = on;

-- fix column name
alter table country
rename column country to name;

--
-- TOC entry 2249 (class 0 OID 175246)
-- Dependencies: 191
-- Data for Name: country; Type: TABLE DATA; Schema: public; Owner: postgres
--

COPY public.country (id, name) FROM stdin;
1	Sverige
2	Norge
3	Finland
\.

--
-- TOC entry 2257 (class 0 OID 175270)
-- Dependencies: 199
-- Data for Name: observer; Type: TABLE DATA; Schema: public; Owner: postgres
--

COPY public.observer (id, firstname, lastname) FROM stdin;
1	Erik	Öberg
3	Johnny	Abrahamsson
4	Ove	Ahmed
5	Rut	Ahmed
6	Christian	Ali
7	Matilda	Ali
8	Karl	Andersson
9	Maria	Andersson
10	Agnes	Andreasson
11	Linus	Andreasson
12	Kristin	Arvidsson
13	Rolf	Arvidsson
14	Göran	Axelsson
15	Susanne	Axelsson
16	Gunnar	Bengtsson
17	Kerstin	Bengtsson
18	Monica	Berg
19	Åke	Berg
20	Charlotte	Berggren
21	Kent	Berggren
22	Louise	Berglund
23	Mattias	Berglund
24	Anette	Bergman
25	Ingemar	Bergman
26	Caroline	Bergqvist
27	Rickard	Bergqvist
28	Christer	Bergström
29	Elin 	Bergström
30	David	Björk
31	Josefin	Björk
32	Britt	Björklund
33	Ingvar	Björklund
34	Georg	Blom
35	Klara	Blom
36	Siv	Blomqvist
37	Tommy	Blomqvist
38	Amanda 	Claesson
39	Filip	Claesson
40	Alf	Dahl
41	Lisbeth	Dahl
42	Emilia	Dahlberg
43	Robin	Dahlberg
44	Bertil	Danielsson
45	Ingegerd	Danielsson
46	Ali	Ek
47	Ann-Marie	Ek
48	Axel	Eklund
49	Viola	Eklund
50	Elias	Ekström
51	Ellinor	Ekström
52	Anton	Eliasson
53	Erika	Eliasson
54	Björn	Engström
55	Helen	Engström
56	Margareta	Eriksson
57	Per	Eriksson
58	Jessica	Falk
59	Lucas	Falk
60	Gunilla	Forsberg
61	Ulf	Forsberg
62	Julia	Fransson
63	Kjell	Fransson
64	Carina	Fredriksson
65	Mats	Fredriksson
66	Ulrika	Gunnarsson
67	Viktor	Gunnarsson
68	Jan	Gustafsson
69	Marie	Gustafsson
70	Pia	Hansen
71	Torbjörn	Hansen
72	Lena	Hansson
73	Lennart	Hansson
74	Jakob	Hassan
75	Rebecca	Hassan
76	Ellen	Hedlund
77	Kurt	Hedlund
78	Adam	Hellström
79	Ebba	Hellström
80	Leif	Henriksson
81	Ulla	Henriksson
82	Hugo 	Hermansson
83	Isabelle 	Hermansson
84	Niklas	Holm
85	Sofie	Holm
86	Emelie	Holmberg
87	Stig	Holmberg
88	Berit	Holmgren
89	Jörgen	Holmgren
90	Annika	Håkansson
91	Robert	Håkansson
92	Barbro	Isaksson
93	Håkan	Isaksson
94	Emma	Jakobsson
95	Thomas	Jakobsson
96	Marianne	Jansson
97	Peter	Jansson
98	Elisabeth	Johansson
99	Erik	Johansson
100	Albin	Jonasson
101	Mona	Jonasson
102	Hans	Jonsson
103	Sofia	Jonsson
104	Helena	Jönsson
105	Sven	Jönsson
106	Anna	Karlsson
107	Lars	Karlsson
108	Eva	Larsson
109	Mikael	Larsson
110	Jenny	Lind
111	Stefan	Lind
112	Fredrik	Lindberg
113	Sara	Lindberg
114	Cecilia	Lindgren
115	Oskar	Lindgren
116	Dan	Lindholm
117	Felicia	Lindholm
118	Alexander	Lindqvist
119	Viktoria	Lindqvist
120	Bo	Lindström
121	Inger	Lindström
122	Maja	Lund
123	Tobias	Lund
124	Andreas	Lundberg
125	Therese	Lundberg
126	Anita	Lundgren
127	Magnus	Lundgren
128	Arne	Lundin
129	Malin	Lundin
130	Hanna	Lundqvist
131	Martin	Lundqvist
132	Lovisa	Lundström
133	Simon	Lundström
134	Joakim	Löfgren
135	Karolina	Löfgren
136	Bengt	Magnusson
137	Katarina	Magnusson
138	Josef	Martinsson
139	Olivia	Martinsson
140	Irene	Mattsson
141	John	Mattsson
142	Elsa	Mohamed
143	Marcus	Mohamed
144	Ann-Christin	Månsson
145	Arvid	Månsson
146	Claes	Mårtensson
147	Madeleine	Mårtensson
148	Anders	Nilsson
149	Kristina	Nilsson
150	Birgit	Norberg
151	Sten	Norberg
152	Kenneth	Nordin
153	Sandra	Nordin
154	Camilla	Nordström
155	Roland	Nordström
156	Lisa	Nyberg
157	William	Nyberg
158	Anneli	Nyström
159	Christoffer	Nyström
160	Daniel	Olofsson
161	Johanna	Olofsson
162	Johan	Olsson
163	Linnéa	Olsson
164	Karin	Persson
165	Olof	Persson
166	Gustav	Pettersson
167	Ingrid	Pettersson
168	Agneta	Pålsson
169	Roger	Pålsson
170	Alice	Samuelsson
171	Patrik	Samuelsson
172	Ann	Sandberg
173	Henrik	Sandberg
174	Gun	Sandström
175	Johannes	Sandström
176	Ida 	Sjöberg
177	Mohamed	Sjöberg
178	Charlotta	Sjögren
179	Gösta	Sjögren
180	Frida	Ström
181	Jonathan	Ström
182	Ingeborg	Strömberg
183	Isak	Strömberg
184	Märta	Sundberg
185	Rune	Sundberg
186	Birgitta	Svensson
187	Nils 	Svensson
188	Wilhelm	Söderberg
189	Åsa	Söderberg
190	Jonas	Wallin
191	Linda	Wallin
192	Sebastian	Viklund
193	Yvonne	Viklund
194	Astrid	Wikström
195	Emil	Wikström
196	Alexandra	Åberg
197	Emanuel	Åberg
198	Ludvig	Åkesson
199	Maj	Åkesson
200	Oliver	Öberg
201	Sonja	Öberg
2	Louise	Abrahamsson
\.


--
-- TOC entry 2259 (class 0 OID 175278)
-- Dependencies: 201
-- Data for Name: unit; Type: TABLE DATA; Schema: public; Owner: postgres
--

COPY public.unit (id, type, abbreviation) FROM stdin;
2	Meter per sekund	m/s
3	Grader celcius	° C
4	Centimeter	cm
1	Antal	st
\.


--
-- TOC entry 2245 (class 0 OID 175230)
-- Dependencies: 187
-- Data for Name: area; Type: TABLE DATA; Schema: public; Owner: postgres
--

COPY public.area (id, name, country_id) FROM stdin;
2	Frösön	1
3	Arholma-Idö	1
4	Fifång	1
5	Karklö	1
6	Nåttarö	1
7	Stora Nassa	1
8	Villinge Boskapsö	1
9	Ålö-Rånö	1
10	Gräsö östra skärgård	1
11	Hållnäskusten	1
12	Skaten-Rångsen	1
13	Askö	1
14	Bråviken	1
15	Kopparholmarna	1
16	Kvädöfjärden	1
17	Missjö	1
18	Svensksundsviken	1
19	Torrö	1
20	Beijershamn	1
21	Bödakustens östra	1
22	Gammalsby sjömarker	1
23	Misterhults skärgård	1
24	Norra Tjusts skärgård	1
25	Runnö	1
26	Rågö	1
27	Segersgärde	1
28	Strandskogen	1
29	Södra Malmö	1
30	Värnanäs skärgård	1
31	Örarevet	1
32	Salvorev-Kopparstenarna	1
33	Biskopsmåla       	1
34	Eriksberg	1
35	Gö	1
36	Hanö	1
37	Sillnäs	1
38	Stärnö-Boön	1
39	Sölvesborgsviken	1
40	Tjärö	1
41	Tromtö	1
42	Utklippan	1
43	Bunkeflo strandängar	1
44	Domsten-Viken och Grollegrund 	1
45	Falsterbohalvöns havsområde och Måkläppen 	1
46	Foteviksområdet	1
47	Fredshög-Stavstensudde	1
48	Hallands Väderö	1
49	Jonstorp-Vegeåns mynning	1
50	Knähaken	1
51	Södra Bjärekusten	1
52	Södra Lommabukten med Tågarps hed och Alnarps fälad	1
53	Västra Kullaberg	1
54	Östra Kullaberg	1
55	Kungsbackafjorden	1
56	Utteros	1
57	Vendelsöarna	1
58	Bua hed	1
59	Galterö	1
60	Gullmarn	1
61	Havstensfjorden	1
62	Kosterhavets nationalpark	1
63	Kosteröarna	1
64	Kragenäs	1
65	Marstrand	1
66	Nordre älvs estuarium	1
67	Saltö	1
68	Vrångöskärgården	1
69	Väderöarna	1
70	Västra Rossö	1
71	Ödsmåls kile	1
72	Gåsholma	1
73	Orarna	1
74	Storjungfrun	1
75	Långören	1
76	Salen	1
77	Avanäset	1
78	Holmöarna	1
79	Kronören	1
80	Örefjärden-Snöanskärgården	1
81	Kalfjärden	1
82	Hardangervidda nationalpark	2
83	Saltfjellet-Svartisen nationalpark	2
84	Reinheimen nationalpark	2
85	Blåfjella-Skjækerfjella nationalpark	2
86	Varangerhalvøya nationalpark	2
87	Dovrefjell-Sunndalsfjella nationalpark	2
88	Breheimen nationalpark	2
89	Børgefjell nationalpark	2
90	Øvre Anárjohka nationalpark	2
91	Jostedalsbreen nationalpark	2
92	Jotunheimen nationalpark	2
93	Lomsdal-Visten nationalpark	2
94	Forollhogna nationalpark	2
95	Rondane nationalpark	2
96	Reisa nationalpark	2
97	Øvre Dividal nationalpark	2
98	Stabbursdalen nationalpark	2
99	Junkerdal nationalpark	2
100	Femundsmarka nationalpark	2
101	Rohkunborri nationalpark	2
102	Folgefonna nationalpark	2
103	Langsua nationalpark	2
104	Hallingskarvet nationalpark	2
105	Skarvan og Roltdalen nationalpark	2
106	Sjunkhatten nationalpark	2
107	Ytre Hvaler nationalpark	2
108	Færder nationalpark	2
109	Lierne nationalpark	2
110	Seiland nationalpark	2
111	Dovre nationalpark	2
112	Láhko nationalpark	2
113	Rago nationalpark	2
114	Ånderdalen nationalpark	2
115	Øvre Pasvik nationalpark	2
116	Fulufjellet nationalpark	2
117	Møysalen nationalpark	2
118	Gutulia nationalpark	2
119	Jomfruland nationalpark	2
120	Raet nationalpark	2
\.


--
-- TOC entry 2247 (class 0 OID 175238)
-- Dependencies: 189
-- Data for Name: category; Type: TABLE DATA; Schema: public; Owner: postgres
--

COPY public.category (id, name, basecategory_id, unit_id) FROM stdin;
1	Djur	\N	\N
2	Väder	\N	\N
3	Träd	\N	\N
8	Istjocklek	2	4
9	Vindstyrka	2	2
4	Fjällräv	1	1
5	Hare	1	1
6	Vildsvin	1	1
12	Fjällripa	1	1
16	Snödjup	2	4
7	Lufttemperatur	2	3
17	Berguv	1	1
10	Vinterpäls	5	1
11	Sommarpäls	5	1
13	Vinterdräkt	12	1
14	Sommardräkt	12	1
15	Fjällbjörk	3	1
\.




--
-- TOC entry 2251 (class 0 OID 175254)
-- Dependencies: 193
-- Data for Name: geolocation; Type: TABLE DATA; Schema: public; Owner: postgres
--

COPY public.geolocation (id, latitude, longitude, area_id) FROM stdin;
4	63.2014459999999971	14.5258090000000006	2
21	49.2227572999999978	-122.617545100000001	17
22	33.6042793000000017	69.2281531000000001	94
23	59.1815398999999971	17.5858440999999992	34
24	39.7794766999999965	-86.1700893999999948	75
25	35.6977765999999974	9.14561529999999934	17
26	52.5019684999999967	6.06843060000000012	108
27	7.66509899999999966	-76.6774900000000059	65
28	-5.58447539999999965	105.477108400000006	85
29	50.6261687000000009	16.2483965999999995	6
30	48.6563900000000018	4.91241899999999987	75
31	31.230390400000001	121.473702099999997	73
32	5.40915799999999969	-73.2958809999999943	56
33	2.77985179999999987	33.0057260999999968	42
34	43.2721944999999977	47.5220900999999998	12
35	43.9773309999999995	81.3181890000000038	94
36	-6.98571399999999976	110.431156000000001	42
37	6.44697600000000026	-10.6182476999999995	37
38	40.0581969999999998	116.408771999999999	62
39	-23.5000295000000001	-46.8598811999999967	44
40	41.2454449999999966	119.401573900000002	32
41	46.7391100999999978	30.786666799999999	80
42	59.2586299999999966	18.0094437999999997	64
43	38.0200000000000031	-122.549999999999997	74
44	56.7679358999999977	37.5577218999999971	25
45	-39.2722540999999978	-71.9776284999999945	92
46	59.8509005000000016	17.6300093000000011	5
47	37.7389200000000002	115.670176999999995	39
48	37.3931794000000011	-122.077876099999997	84
49	13.0034658000000007	8.90797820000000051	89
50	28.7217629999999993	108.389860999999996	16
51	36.406404000000002	94.9284839999999974	43
52	34.4344693999999976	133.227965299999994	17
53	19.2583410000000015	110.474648000000002	95
54	17.3220710999999987	96.4663285999999971	73
55	45.2977605000000025	2.51359850000000007	82
56	25.2375660000000011	106.763895000000005	87
57	43.3582370999999966	19.3512591	101
58	23.7289199999999987	109.183333000000005	5
59	43.4945736999999966	5.89780179999999987	64
60	7.65610999999999997	123.391390000000001	116
61	-27.9464490000000012	-52.9164068999999984	19
62	30.9541295000000005	20.1194129000000004	4
63	13.4345789	122.643063100000006	86
64	0.573335999999999957	-79.6436309999999992	22
65	23.0906570000000002	113.276883999999995	42
66	33.4378770000000003	113.609285999999997	53
67	-8.30865320000000018	123.518387099999998	5
68	25.7784224000000002	-103.260576299999997	117
69	40.1507542000000015	69.4903716999999972	55
70	46.2475530999999975	-60.236274299999998	33
71	14.3082674000000001	120.913858899999994	89
72	40.9129209999999972	115.831497999999996	51
73	-28.8329950000000004	-52.5745555999999965	6
74	-6.20359689999999997	106.819894599999998	91
75	40.6174710000000019	-8.75342099999999945	9
76	23.3540910000000004	116.681972000000002	4
77	18.4530601999999995	-69.9474964000000057	37
78	43.7014160000000018	7.31077599999999972	105
79	-1.55659199999999998	115.161102	119
80	10.6304459999999992	122.977964	97
81	53.8595684000000006	21.3130974000000002	30
82	53.5484775999999982	87.2598303999999985	17
83	6.48639999999999972	-72.4328600000000051	87
84	26.0227029999999999	119.602108999999999	112
85	-8.23569999999999958	124.912400000000005	115
86	24.1322243000000007	67.4549228000000056	107
87	-8.18448590000000031	113.668074700000005	5
88	-22.810917700000001	47.3302847	15
89	30.0746000000000002	107.367071999999993	27
90	41.6186790000000002	-8.3868746999999999	38
91	47.4937100000000001	87.5416100000000057	55
92	12.5640275999999993	123.730411099999998	50
93	52.383420000000001	-113.785300000000007	43
94	14.2278099999999998	121.369775000000004	46
95	-3.56708069999999999	-41.0919196999999983	74
96	49.7180346000000029	35.1228302999999968	12
97	24.1766560000000013	107.349802999999994	37
98	38.7263652999999977	-9.23597670000000015	36
99	21.9182029999999983	110.853299000000007	111
100	36.4707823000000033	140.561579499999993	98
101	48.7911354000000017	26.6912361999999987	32
102	9.96486550000000015	-71.132968500000004	40
103	0.360326099999999983	99.5784754000000021	32
104	42.7415585999999976	-84.5050877999999983	91
105	39.4286365000000032	62.8617595999999992	58
106	37.0821570000000023	120.994529999999997	83
107	-27.7929655000000011	-52.542531799999999	98
108	46.9500000000000028	79.6666699999999963	23
109	23.7883920000000018	114.746380000000002	13
110	57.8702990999999969	33.6950886999999994	65
111	12.9447712999999993	121.724819499999995	34
112	22.9748979999999996	113.993115000000003	21
113	29.342611999999999	118.484421999999995	29
114	-9.74643380000000015	124.430916499999995	15
115	49.1663799999999966	-121.952569999999994	32
116	52.6282252000000028	18.7271239999999999	57
117	-22.0791603000000016	-51.4778579999999977	43
118	46.7485220000000012	82.9789279999999962	91
119	32.0359229000000028	118.743630899999999	15
120	39.8184959000000021	116.555852400000006	101
121	31.0298969999999983	105.220236	109
122	37.7852875000000026	127.045845299999996	26
123	8.04197770000000034	125.108699799999997	40
124	4.1772001999999997	96.3119743000000028	55
125	34.0142150000000001	105.298755999999997	77
126	13.7374387000000002	-89.7121673999999985	23
127	45.3982443000000018	16.8946158000000004	52
128	-20.2103849999999987	57.6240730999999968	58
129	35.5806290000000018	104.610668000000004	84
130	36.5888732000000019	138.843483300000003	100
131	-37.0920575000000028	-73.154582199999993	100
132	15.4908900000000003	43.1355780000000024	9
133	13.9501074999999997	7.67108889999999999	3
134	32.1133659999999992	35.0774649999999966	32
135	51.2804955000000007	9.42664749999999962	54
136	23.7503059999999984	109.221464999999995	49
137	41.0872247000000002	-8.10845950000000038	42
138	38.7021232999999967	-8.95573090000000072	96
139	8.33318470000000033	123.842630099999994	3
140	-2.17634699999999981	-79.4366323999999935	6
141	55.9129295999999982	13.1018167999999999	37
142	15.3179064999999994	-87.603825999999998	46
143	1.20611760000000001	31.8164030999999987	83
144	33.1200529999999986	117.939853999999997	113
145	41.3263180000000006	109.327017999999995	101
146	27.646685999999999	116.695521999999997	85
147	50.1078134999999989	25.7276661000000004	88
148	-19.9433028999999991	-44.3413836000000003	25
149	12.9549865000000004	-5.75631510000000013	61
150	47.8060989000000021	7.3372459000000001	118
151	-24.1955744000000017	-65.284427100000002	87
152	-6.72039999999999971	111.099400000000003	99
153	41.0872247000000002	-8.10845950000000038	77
154	-24.3965817999999999	25.4970466000000009	6
155	32.4464635000000001	62.1454133000000013	20
156	22.5175850000000004	113.392769999999999	89
157	5.48905900000000013	7.01758789999999966	46
158	9.62331329999999951	123.908990599999996	19
159	6.03750690000000034	102.340660600000007	10
160	13.0842191000000003	123.297096100000005	61
161	-21.2915054999999995	-50.3436311999999972	12
162	-8.5002999999999993	115.018799999999999	62
163	48.9855573000000035	17.3898526999999987	13
164	53.4600000000000009	16.1011109999999995	73
165	10.5570353000000008	-85.6898599999999959	4
166	-11.3442564000000008	-75.5655146999999943	17
167	-6.92620460000000016	112.147492499999998	88
168	10.5289555999999997	-73.7242485999999957	51
169	10.8967752000000004	-74.821469300000004	89
170	27.6227680000000007	113.854556000000002	104
171	-34.7430690999999996	-58.5704425999999998	19
172	49.5012266000000025	14.5455675000000006	86
173	49.6877756000000019	6.34856260000000017	30
174	2.33549659999999992	37.9943452999999991	117
175	-9.61609999999999943	119.644099999999995	31
176	34.1516239999999982	109.323479000000006	62
177	60.5620130000000003	29.8532767999999997	62
178	45.8377021000000013	-73.4310787000000005	54
179	28.3559057999999986	52.9599661000000026	73
180	38.3714020000000033	117.329948999999999	90
181	52.2467948000000035	87.1321484999999996	73
182	15.6682977000000001	120.500374699999995	106
183	-9.85289999999999999	124.234200000000001	114
184	-23.4849455999999996	-46.349482799999997	55
185	13.9573134000000003	122.288759400000004	117
186	51.1146113	17.6498169999999988	117
187	34.5553493999999972	69.2074860000000029	51
188	26.0971580000000003	115.308245999999997	53
189	2.41839039999999983	30.9847642000000008	60
190	5.17444720000000036	7.71451520000000013	67
191	65.6136707999999942	22.1096478000000012	48
192	-20.4557393000000012	-63.5186518000000007	75
193	53.5460326999999978	47.6885742999999991	84
194	37.8505169000000024	140.600153900000009	96
195	14.6074523000000003	121.113621600000002	97
196	28.2315639999999988	109.621875000000003	35
197	57.7724113000000017	14.1585251000000003	105
198	-7.78329700000000013	110.363648999999995	42
199	52.4598945999999984	17.6844943000000008	40
200	13.8166670000000007	-5.34999999999999964	106
201	7.21617499999999978	7.55993210000000015	15
202	-29.1110188000000001	26.1862066999999996	103
203	56.7706743999999972	62.0522149999999968	20
204	34.7188615999999968	33.129528999999998	17
205	39.7380370999999997	-105.026519500000006	60
206	23.1497287000000007	113.322719300000003	62
207	-6.68584249999999969	-36.6602482999999992	12
208	8.25637949999999954	-71.8260020999999966	106
209	-34.6793469999999999	-58.3762722000000025	110
210	30.8254668999999986	30.8139165000000013	24
211	-6.79178149999999992	108.4187029	32
212	41.8012304000000015	43.4814896000000033	58
213	-2.85534320000000008	115.307464600000003	58
214	43.988765100000002	18.1798837000000013	82
215	-7.53526819999999997	107.568267700000007	54
216	7.98556250000000034	125.137583100000001	10
217	48.7277622000000008	100.772428099999999	68
218	50.8525431999999995	21.3843430000000012	86
219	11.7942415	8.83903210000000072	49
220	61.817808399999997	25.2322628999999985	76
221	45.2280257999999975	16.5396362000000003	2
222	14.6423904999999994	120.957562199999998	63
223	6.19167700000000032	-73.0169135000000011	10
224	31.896059000000001	35.2547679999999986	96
225	-16.4510937000000013	-41.0394027999999977	40
226	28.5459092000000005	68.2126180000000062	51
227	50.9093944999999977	7.04866979999999987	81
228	28.4261839999999992	112.166522000000001	23
229	47.0170479000000014	-68.1430237999999946	104
230	41.2828506999999973	-8.28694780000000009	43
231	49.6650330000000011	30.9894691000000009	3
232	42.4999930999999975	18.6517063999999984	73
233	30.1926637000000007	35.7249409	106
234	22.342770999999999	106.854376000000002	20
235	43.8384388999999999	126.602835299999995	11
236	-6.51393950000000022	-78.5185196999999988	118
237	49.6428160000000034	21.6604579999999984	44
238	54.8593461999999974	24.4549495000000014	37
239	41.9114199999999997	112.979640000000003	93
240	6.7809096000000002	4.03378459999999972	58
241	42.7333428000000026	-87.8255013999999932	74
242	44.4415839999999989	126.451082900000003	26
243	35.0265160000000009	111.007459999999995	113
244	28.1339450000000006	111.656407000000002	77
245	39.8761349999999979	-8.91890730000000076	85
246	43.7086809999999986	45.2427174999999977	108
247	39.2591888999999981	-8.58200549999999929	29
248	-7.96135389999999976	138.799512200000009	73
249	30.486414400000001	-97.6722668000000027	114
250	-7.77665610000000029	112.157924899999998	90
251	50.1919788000000011	14.493582	88
252	-8.38995790000000063	124.668710899999994	114
253	49.2251042999999981	23.3483511999999997	63
254	-7.54762149999999998	110.810257300000004	64
255	-6.88929650000000038	112.363580600000006	78
256	-14.4715176999999997	-48.5587489999999988	21
257	-1.78333300000000006	119.466667000000001	84
258	-6.96444620000000025	108.553737299999995	76
259	40.1198606000000026	-7.54435129999999976	16
260	18.5075320000000012	-69.8492398000000065	115
261	40.2748289000000028	-3.79685739999999994	44
262	52.9952669999999983	16.9198184000000005	3
263	60.3802968999999976	23.9618655999999994	15
264	45.778224299999998	4.79879380000000033	30
265	50.4090259999999972	19.9327849999999991	117
266	36.8340800000000002	10.0405700000000007	119
267	5.35995169999999987	-4.00825630000000022	106
268	-8.47275529999999932	115.185951700000004	46
269	53.6079250000000016	10.0852567999999998	31
270	43.0429123999999987	1.90388369999999996	84
271	41.5659296999999981	69.7703922000000034	91
272	7.20417000000000041	124.439719999999994	32
273	30.2676000000000016	120.066439000000003	111
274	1.81997030000000004	109.4021154	83
275	36.2151569999999978	117.377714999999995	85
276	39.4977853999999979	20.2749783000000008	115
277	56.8969576000000004	36.052415400000001	14
278	43.4617172999999966	16.5989466000000014	21
279	46.4830794000000012	4.60724770000000028	13
280	13.7558621999999993	7.98653499999999994	53
281	-8.21827949999999952	112.295031399999999	41
282	38.7638314000000008	-9.31807150000000028	35
283	59.9246610000000004	30.3865325000000013	68
284	30.6474812000000014	104.066228899999999	49
285	40.2666669999999982	72.0999999999999943	28
286	35.5855749999999986	119.761775	37
287	10.9259722999999997	107.405581400000003	112
288	52.9779582999999974	49.4270741999999998	74
289	22.5835642000000014	-83.9479637000000025	2
290	55.8625501	13.1435642999999995	101
291	-34.7849517000000006	-58.3848648000000026	93
292	-6.91404879999999977	107.605031600000004	42
293	11.2284137000000008	123.089598699999996	66
294	30.5911588999999999	50.2347449999999967	27
295	36.7897960000000026	127.001849399999998	76
296	-26.4743278000000011	-49.0022999999999982	41
297	60.5620130000000003	29.8532767999999997	84
298	40.5317434000000034	44.7159758999999966	119
299	-40.7632503999999969	-71.6387249999999938	9
300	35.2495377999999988	136.899554300000005	88
301	49.1830599999999976	-119.552400000000006	38
302	13.5368344	99.8276962000000054	108
303	48.7057308999999989	2.21867429999999999	95
304	30.1082159999999988	104.677091000000004	114
305	15.9884149999999998	120.389932400000006	50
306	51.469525400000002	22.9549933000000017	11
307	-23.4009619999999998	-46.011014000000003	37
308	-33.9327400000000026	151.188577000000009	93
309	49.1912901999999974	15.0524345999999998	70
310	33.3473159999999993	120.163659999999993	113
311	52.3544020000000003	14.5610119000000005	22
312	33.740304100000003	130.946311299999991	11
313	45.3095043000000004	-74.0590779000000055	76
314	-26.9123283999999998	-53.6176936999999967	31
315	47.4778422999999989	16.1089063999999986	15
316	-9.29576360000000079	-75.9978590000000054	32
317	43.1839957999999982	16.5992505000000001	56
318	40.2779226999999977	20.6206166999999994	38
319	7.74195849999999997	-2.10084859999999995	74
320	-22.0699763000000004	-46.5728155999999984	24
321	49.7192421000000024	18.5916589999999999	67
322	-8.92832399999999993	-76.1116997000000026	10
323	46.9821813000000006	35.1115127999999999	24
324	45.3710037999999969	-73.5312291000000045	43
325	33.8524535999999969	-84.3679295000000025	75
326	-12.1695811000000003	44.4004699999999985	58
327	30.7802170000000004	120.644805000000005	96
328	-6.20000519999999966	106.844929800000003	95
329	51.7597720999999993	17.1196936999999991	41
330	49.978712299999998	19.8932490000000008	75
331	-20.3321939	-40.2897152999999975	113
332	56.6589329999999975	12.8701299999999996	78
333	15.6932700000000001	120.459360000000004	57
334	-34.7942024000000032	-58.2622253999999984	38
335	28.0181070000000005	111.945153000000005	30
336	29.0992940000000004	119.692695999999998	26
337	-7.26526120000000031	109.357501099999993	111
338	38.2660853000000003	140.89148990000001	12
339	48.1662008999999998	24.9459851000000015	45
340	60.3428115999999974	30.489678399999999	51
341	39.3158129999999986	117.666466	110
342	-7.45359999999999978	108.642300000000006	83
343	28.1684079999999994	120.482197999999997	110
344	30.0041499999999992	110.246746999999999	41
345	34.3269030000000015	108.117456000000004	88
346	-7.47973420000000022	110.217694100000003	13
347	-15.5030873000000007	-73.4797035999999935	46
348	32.4162097999999972	46.6705340000000035	46
349	-6.51766899999999971	106.649762300000006	69
350	-6.2382698999999997	106.975572600000007	17
351	-10.5852663000000007	-75.4053367000000065	44
352	6.93337930000000036	79.8441645000000051	76
353	4.60967679999999991	101.106400300000004	59
354	33.25	69.2166670000000011	71
355	45.3125175999999996	19.7556505000000016	110
356	37.9431209999999979	115.217658	69
357	57.4572354000000018	40.577358199999999	119
358	52.4062515000000033	19.1651494999999983	69
359	51.4537368000000015	37.1272445999999974	17
360	-8.70807519999999968	115.180817099999999	15
361	37.6579017999999976	139.8857687	13
362	29.3758589999999984	47.9774051999999998	40
363	41.7130774999999971	-8.68764400000000059	90
364	59.0836122999999986	16.1874099999999999	21
365	48.0762326999999985	-0.760900899999999991	14
366	30.6474812000000014	104.066228899999999	75
367	-6.30792320000000029	107.172084999999996	114
368	-6.33849769999999957	106.161034299999997	108
369	31.3211872999999983	121.247805200000002	15
370	60.2638214999999988	18.4529131	55
371	-8.67914769999999969	115.178653100000005	62
372	41.2469904000000014	-7.80876139999999985	11
373	29.8130409999999983	106.738324000000006	56
374	-5.94646600000000003	-77.3037230000000051	18
375	22.5552589999999995	113.884018999999995	83
376	-34.6312661999999989	-58.4798082000000008	29
377	46.8562799999999982	83.1226300000000009	36
378	26.3124439999999993	99.8503649999999965	36
379	27.3958939999999984	114.286422000000002	40
380	50.2304097999999968	19.8541516000000016	90
381	22.0899424999999994	104.769596199999995	15
382	-10.9231999999999996	122.828299999999999	33
383	59.3354900000000001	18.0685773999999988	42
384	46.5240684999999985	28.7769350999999993	12
385	-3.72941739999999999	-38.6608481999999967	71
386	-0.698320000000000052	-77.140829999999994	77
387	-24.0687409999999993	-46.651223899999998	94
388	18.5680048000000006	-73.889684900000006	119
389	2.21669919999999987	102.2039671	6
390	6.44829390000000036	101.810735100000002	34
391	5.46583099999999966	95.4227312000000012	35
392	48.5267938000000001	2.50964549999999997	115
393	8.31049329999999919	122.993834699999994	11
394	20.5083303000000008	-97.6724456000000032	29
395	29.5305019999999985	72.1485713000000004	102
396	51.897646899999998	21.8061633999999991	94
397	6.77038709999999977	8.99355579999999932	77
398	-34.6787774000000013	-58.6694618000000006	4
399	25.8495020000000011	107.280659	52
400	22.5500919999999994	111.865916999999996	90
401	-29.6216077999999996	-50.5342619999999982	97
402	-6.88523080000000043	106.9007656	73
403	37.9694564999999997	138.247197699999987	37
404	7.27974619999999994	80.6202033	56
405	7.1602269999999999	125.058059999999998	37
406	-9.49639999999999951	119.226266699999996	74
407	38.5370102999999986	140.854463600000003	93
408	-34.6161437000000021	-58.5238405999999998	43
409	34.0051491999999982	-81.0488995999999986	76
410	56.5045780000000022	13.0422347999999992	81
411	49.6052602999999976	17.3434944000000009	53
412	49.9819148999999996	18.347264899999999	74
413	41.2926472999999987	110.321602600000006	25
414	-12.8833330000000004	-74.4666670000000011	70
415	26.0172503000000006	43.3584284000000011	113
416	31.6374692000000017	130.40194120000001	86
417	47.0168309000000022	-68.1430167999999981	34
418	37.8163880999999975	66.0285106000000042	96
419	13.5132110000000001	122.469352000000001	36
420	44.1689118999999977	66.7337284000000039	79
421	48.7078478000000032	44.5139052000000035	99
422	8.94073760000000028	4.78210430000000031	55
423	39.2961730000000031	113.690697999999998	18
424	32.7811015999999995	12.4495220999999994	110
425	-25.6221943000000003	-54.5655489000000031	110
426	35.9015016000000031	-81.1382789999999972	59
427	30.2710870000000014	120.166448000000003	47
428	41.1082303000000024	-8.15799619999999948	42
429	9.85665370000000074	123.142619100000005	65
430	42.4353312000000003	14.2221539999999997	51
431	-17.0490108000000014	-41.5612423000000035	7
432	25.2527000000000008	110.317825999999997	118
433	48.4914851999999996	-4.04423970000000033	39
434	-2.63821890000000003	30.4674459000000013	9
435	59.8271777	10.7948784	84
436	25.8436909999999997	98.8545320000000061	13
437	-8.11300669999999968	112.030450799999997	99
438	40.8762849000000017	49.0273548999999988	11
439	48.9066298999999987	2.24566029999999994	53
440	27.646685999999999	116.695521999999997	103
441	39.6758452999999989	-8.14576250000000002	65
442	14.4776308	121.032800399999999	99
443	14.8465342000000007	-88.303275499999998	36
444	49.5562052000000008	6.28627309999999984	87
445	46.3385400000000018	124.045389999999998	60
446	-10.2891700000000004	123.700370000000007	3
447	-8.5319944999999997	116.132988800000007	81
448	32.5149400000000028	35.1857400000000027	51
449	38.9622584999999972	-9.38555359999999972	14
450	-22.6604340999999998	-50.4187812999999991	111
451	29.5289229999999989	104.990100999999996	70
452	53.5484541000000007	18.9455238000000001	95
453	56.1552930000000003	13.7676058999999995	17
454	38.5796261999999999	141.277751499999994	22
455	48.6898359999999997	6.17445000000000022	12
456	49.9592267000000021	20.6436081999999992	38
457	15.0796302999999998	-85.5586368000000022	24
458	59.3054860000000019	18.0023078000000005	5
459	-6.69757479999999994	111.591545999999994	115
460	17.0187975000000016	103.243263200000001	89
461	-7.67520000000000024	114.064400000000006	60
462	43.2473430000000008	0.0625099999999999961	27
463	45.2224944000000022	21.1806057999999986	28
464	14.4068463999999992	103.104844900000003	82
465	52.5557638000000011	24.4554644000000003	44
466	52.3927371999999991	9.84766860000000044	68
467	18.7863009000000005	-69.653167400000001	100
468	-6.1504430000000001	106.69511	53
469	34.8772499999999965	103.861699999999999	88
470	-13.9932842999999991	34.5112933999999996	42
471	35.0349999999999966	10.9080899999999996	83
472	48.4514437999999998	-2.05595309999999998	52
473	47.25	-122.439999999999998	101
474	14.5717294000000006	108.855148400000004	81
475	14.5406270000000006	-91.5709319999999991	95
476	40.7322553999999997	-8.17378049999999945	68
477	45.1810672000000011	18.6692247999999985	60
478	-27.5936090000000007	-48.5027406000000028	67
479	40.5047756000000021	-8.52934600000000032	39
480	41.6848050999999984	-7.27335829999999994	63
481	49.7478983000000028	16.5775354999999998	28
482	27.9483080000000008	109.599191000000005	21
483	-2.85343789999999986	108.294103100000001	32
484	43.3994107999999983	44.7585599000000016	56
485	49.037133500000003	3.97937099999999999	49
486	32.5483418999999969	120.452014899999995	110
487	13.7122103000000006	9.15945319999999974	58
488	28.6970139999999994	111.514353999999997	39
489	-6.86415430000000004	107.623299599999996	92
490	34.2531639999999982	117.251075999999998	74
491	43.4945736999999966	5.89780179999999987	13
492	-14.0121047999999995	-73.8385842999999937	37
493	-21.9929318000000009	-49.454703600000002	107
494	-22.2509389999999989	-45.9287950000000009	82
495	62.3873541000000031	17.3001749999999994	15
496	38.3237571000000017	-108.1821561	85
497	54.7381651999999974	18.5728399000000017	67
498	57.8174449999999993	14.2716031000000001	87
499	55.1119010000000031	83.8869856000000027	94
500	7.15612400000000015	79.9496460000000013	4
501	-9.45829999999999949	120.049700000000001	91
502	36.0699425000000033	136.245230700000008	40
503	49.4033310000000014	2.81347030000000009	72
504	52.8566587999999982	15.6775789999999997	36
505	40.9416517000000013	-7.42705839999999995	79
506	-22.4836725000000008	-42.2015431000000021	21
507	-7.30323290000000025	108.659129300000004	112
508	1.35093299999999994	-77.5238700000000023	39
509	33.6232698999999968	130.526320300000009	65
510	-8.2104973999999995	114.967138800000001	6
511	59.6742944000000008	29.8519955999999986	31
512	22.9480159999999991	113.366904000000005	31
513	10.5271380000000008	122.813930999999997	68
514	49.3480959999999982	119.794230099999993	52
515	-6.52113310000000013	106.850287899999998	84
516	41.115036400000001	-8.29582809999999959	75
517	51.5742899999999977	17.673919999999999	29
518	49.9120777999999987	13.9774741999999996	96
519	0.186066000000000009	30.4512086000000011	10
520	41.933917000000001	126.422805999999994	76
521	31.1904789999999998	31.5236489999999989	8
522	43.2000000000000028	82.6333300000000008	5
523	38.9039998000000011	100.103697999999994	92
524	40.8926881000000009	-8.44605920000000054	94
525	40.8318277999999992	44.279788400000001	44
526	32.3569577000000024	119.358763800000006	4
527	39.9074829999999992	116.442259000000007	79
528	29.7843149999999994	115.910957999999994	27
529	49.3883763999999985	21.0533447000000002	33
530	37.8512533000000033	140.60909749999999	37
531	31.3462004999999984	34.3039985999999999	52
532	27.9890155999999983	-81.6802054000000055	76
533	46.0714055999999985	40.8784823000000017	13
534	15.8687159999999992	120.392011600000004	60
535	37.9810474000000013	23.6498494000000008	67
536	14.6415140000000008	-61.0512822000000028	81
537	44.1034877000000023	43.2768364000000005	11
538	9.85632539999999935	-66.3735841000000022	99
539	12.2612450000000006	121.990928999999994	37
540	35.7819636999999986	37.4974776000000034	10
1021	234	234	33
\.


--
-- TOC entry 2255 (class 0 OID 175264)
-- Dependencies: 197
-- Data for Name: observation; Type: TABLE DATA; Schema: public; Owner: postgres
--

COPY public.observation (id, date, observer_id, geolocation_id) FROM stdin;
306	2019-07-05	130	291
307	2020-02-23	174	292
308	2019-09-13	106	293
309	2020-02-17	139	294
310	2018-10-11	46	295
311	2019-10-05	157	296
312	2019-08-01	174	297
313	2019-09-11	189	298
314	2018-04-17	110	299
315	2018-10-05	165	300
316	2019-06-08	201	301
317	2018-10-31	69	302
318	2018-03-29	115	303
319	2019-10-27	9	304
320	2019-01-24	71	305
321	2018-12-01	26	306
322	2019-12-13	192	307
323	2019-06-20	127	308
324	2018-09-16	12	309
325	2018-01-12	134	310
326	2019-07-16	148	311
327	2019-01-25	85	312
328	2019-09-21	68	313
329	2018-05-30	25	314
330	2018-10-20	192	315
331	2019-12-11	26	316
332	2018-08-20	48	317
333	2019-07-24	173	318
334	2020-01-07	143	319
335	2018-09-14	133	320
336	2020-01-11	160	321
337	2018-09-09	103	322
338	2018-04-05	45	323
339	2018-12-11	183	324
340	2018-10-03	17	325
341	2018-03-18	183	326
342	2018-12-03	16	327
343	2018-05-20	17	328
344	2019-01-27	65	329
345	2020-01-09	32	330
346	2019-08-12	100	331
347	2017-12-25	75	332
348	2019-11-21	117	333
349	2019-02-22	116	334
350	2019-03-14	130	335
351	2019-04-07	133	336
352	2020-01-24	23	337
353	2019-08-16	45	338
354	2018-08-11	25	339
355	2019-04-01	14	340
356	2020-02-13	192	341
357	2019-06-25	5	342
358	2019-06-06	136	343
359	2019-02-26	131	344
360	2019-04-27	72	345
361	2017-11-02	85	346
362	2018-07-06	120	347
363	2018-12-06	92	348
364	2018-12-05	189	349
365	2019-07-03	68	350
366	2018-01-21	133	351
367	2018-05-30	46	352
368	2018-02-14	5	353
369	2018-06-09	140	354
370	2018-02-12	186	355
371	2019-06-13	89	356
372	2019-12-03	77	357
373	2019-01-18	152	358
374	2018-12-21	47	359
375	2019-10-09	120	360
376	2018-10-03	99	361
377	2019-06-02	120	362
378	2019-10-15	145	363
379	2019-04-27	136	364
380	2019-06-03	109	365
156	2015-02-17	23	171
159	2015-02-07	106	174
161	2015-02-15	111	176
163	2015-01-12	88	178
166	2015-01-10	156	181
168	2015-02-25	9	183
170	2015-01-17	25	185
172	2015-02-27	192	187
175	2015-01-04	38	190
176	2015-02-21	187	191
180	2015-01-23	180	195
182	2015-02-28	113	197
183	2015-02-18	95	198
7	2013-02-03	83	22
8	2013-02-08	173	23
14	2013-01-02	72	29
15	2013-01-19	148	30
23	2013-01-23	93	38
24	2013-02-24	110	39
26	2013-02-19	62	41
28	2013-01-17	16	43
30	2013-02-22	144	45
31	2013-01-21	93	46
33	2013-01-03	22	48
34	2013-01-31	137	49
36	2013-01-10	153	51
37	2013-01-24	45	52
38	2013-01-08	37	53
39	2013-01-02	132	54
41	2013-01-04	93	56
42	2013-02-15	14	57
46	2013-02-19	174	61
49	2013-01-10	80	64
51	2013-01-26	199	66
54	2013-01-05	43	69
55	2013-02-04	42	70
56	2013-01-10	77	71
57	2013-02-14	118	72
63	2013-01-11	15	78
64	2013-02-23	89	79
66	2013-01-12	187	81
69	2013-02-27	165	84
72	2013-01-02	22	87
73	2013-01-23	168	88
74	2013-01-19	123	89
75	2013-01-17	197	90
76	2013-01-20	194	91
79	2013-01-04	2	94
80	2013-02-21	176	95
84	2013-01-29	168	99
85	2013-02-03	200	100
88	2013-12-02	10	103
90	2013-12-27	125	105
91	2013-12-21	28	106
92	2013-11-21	20	107
94	2013-11-14	42	109
6	2012-12-14	172	21
9	2012-11-24	98	24
10	2012-11-28	192	25
11	2012-11-13	127	26
12	2012-12-06	127	27
13	2012-11-22	24	28
16	2012-11-09	103	31
17	2012-11-19	78	32
18	2012-11-26	133	33
19	2012-11-02	27	34
20	2012-12-14	109	35
21	2012-12-29	102	36
22	2012-12-15	173	37
25	2012-11-27	39	40
27	2012-12-25	12	42
29	2012-12-08	96	44
32	2012-12-12	185	47
35	2012-11-20	152	50
40	2012-11-27	47	55
43	2012-11-26	103	58
44	2012-11-13	134	59
45	2012-11-23	40	60
47	2012-12-27	160	62
48	2012-11-11	38	63
50	2012-11-28	153	65
52	2012-12-14	162	67
53	2012-11-12	171	68
58	2012-11-20	10	73
59	2012-11-02	48	74
60	2012-12-28	3	75
61	2012-12-06	158	76
62	2012-11-04	143	77
65	2012-12-02	34	80
67	2012-12-02	78	82
68	2012-11-08	55	83
70	2012-11-28	76	85
71	2012-11-09	34	86
77	2012-12-24	197	92
78	2012-11-20	187	93
81	2012-11-20	87	96
82	2012-11-23	46	97
83	2012-12-26	63	98
381	2018-04-28	171	366
382	2018-11-13	86	367
383	2019-02-15	122	368
384	2019-04-03	85	369
385	2017-12-20	162	370
386	2019-07-12	22	371
387	2018-09-30	11	372
388	2020-01-25	96	373
389	2019-12-09	162	374
390	2018-12-22	86	375
391	2019-04-01	53	376
392	2019-07-29	128	377
393	2020-01-12	51	378
394	2019-12-14	39	379
395	2018-09-04	99	380
396	2018-02-20	131	381
397	2018-12-03	194	382
398	2020-02-11	70	383
399	2020-01-08	102	384
400	2019-05-26	172	385
401	2018-12-08	79	386
402	2017-11-26	60	387
403	2019-01-06	26	388
404	2018-02-18	29	389
405	2019-11-09	71	390
406	2019-10-04	72	391
407	2018-10-28	34	392
408	2019-12-27	51	393
409	2020-01-20	49	394
410	2017-12-20	169	395
86	2014-02-26	68	101
87	2014-01-02	53	102
89	2014-02-28	28	104
93	2014-02-13	82	108
96	2014-02-10	51	111
97	2014-02-06	101	112
99	2014-02-12	117	114
102	2014-02-04	87	117
103	2014-01-25	23	118
104	2014-01-12	111	119
107	2014-02-17	127	122
108	2014-01-30	42	123
109	2014-01-21	98	124
112	2014-01-08	7	127
113	2014-02-02	49	128
115	2014-01-04	77	130
116	2014-02-10	22	131
118	2014-01-08	42	133
119	2014-01-15	131	134
123	2014-02-06	12	138
125	2014-02-03	176	140
128	2014-02-26	58	143
129	2014-02-09	160	144
130	2014-01-30	75	145
132	2014-01-22	22	147
134	2014-01-28	130	149
135	2014-02-15	11	150
137	2014-02-28	159	152
138	2014-02-12	9	153
139	2014-01-26	101	154
140	2014-01-26	121	155
141	2014-01-10	32	156
142	2014-02-26	142	157
144	2014-02-03	83	159
145	2014-01-09	53	160
146	2014-01-17	174	161
147	2014-02-05	109	162
150	2014-02-17	34	165
151	2014-01-18	57	166
152	2014-02-28	167	167
154	2014-02-07	119	169
155	2014-02-12	117	170
157	2014-11-12	8	172
158	2014-12-22	39	173
160	2014-11-14	8	175
162	2014-11-25	197	177
164	2014-12-19	181	179
165	2014-11-16	134	180
167	2014-12-10	176	182
169	2014-11-03	66	184
171	2014-12-18	140	186
173	2014-11-13	42	188
174	2014-11-19	24	189
177	2014-12-14	123	192
178	2014-11-11	59	193
179	2014-11-10	188	194
181	2014-12-06	190	196
184	2014-11-09	29	199
185	2015-01-19	106	200
186	2015-11-27	180	201
187	2015-11-18	154	202
188	2015-12-19	24	203
189	2015-11-06	175	204
191	2015-11-23	90	206
190	2016-01-21	2	205
196	2016-01-12	17	211
198	2016-02-12	6	213
199	2016-02-25	169	214
203	2016-02-05	111	218
204	2016-01-28	127	219
206	2016-02-12	113	221
207	2016-02-05	23	222
208	2016-02-18	44	223
212	2016-02-05	159	227
214	2016-02-12	171	229
215	2016-02-26	89	230
216	2016-11-13	102	231
218	2016-12-27	21	233
219	2016-11-13	91	234
221	2016-12-25	145	236
222	2016-12-18	50	237
217	2017-01-31	83	232
220	2017-02-28	96	235
226	2017-02-02	64	241
231	2017-01-19	168	246
232	2017-02-13	64	247
233	2017-02-07	90	248
236	2017-02-27	19	251
237	2017-01-07	143	252
239	2017-02-08	42	254
240	2017-01-23	19	255
242	2017-01-26	54	257
244	2017-01-03	92	259
246	2017-11-15	38	261
247	2017-12-10	122	262
248	2017-11-03	29	263
249	2017-11-20	164	264
251	2017-12-08	110	266
253	2017-12-22	108	268
255	2017-12-31	102	270
257	2017-11-01	19	272
258	2017-12-31	151	273
259	2017-11-17	175	274
262	2017-12-21	44	277
269	2017-12-26	18	284
270	2017-12-10	93	285
272	2017-12-18	15	287
274	2017-12-10	155	289
275	2017-12-29	137	290
250	2018-01-19	39	265
252	2018-01-25	99	267
254	2018-02-26	87	269
256	2018-02-04	78	271
260	2018-01-13	43	275
261	2018-02-15	172	276
263	2018-02-12	187	278
264	2018-02-21	144	279
265	2018-01-19	55	280
266	2018-02-27	23	281
267	2018-02-26	199	282
268	2018-02-03	170	283
271	2018-02-18	9	286
273	2018-02-23	64	288
277	2018-11-15	178	292
278	2018-12-10	193	293
279	2018-11-06	162	294
280	2018-12-24	137	295
281	2018-11-14	120	296
283	2018-12-02	69	298
286	2018-12-19	150	301
288	2018-12-15	184	303
291	2018-12-06	77	306
293	2018-12-24	134	308
294	2018-12-12	157	309
276	2019-01-11	109	291
282	2019-01-23	77	297
284	2019-02-04	107	299
285	2019-01-13	192	300
287	2019-02-12	155	302
289	2019-01-06	45	304
290	2019-01-16	82	305
292	2019-01-30	23	307
296	2019-02-27	151	311
297	2019-02-23	22	312
300	2019-02-05	70	315
301	2019-01-23	78	316
304	2019-02-08	176	319
192	2015-12-06	71	207
193	2015-12-23	140	208
194	2015-12-20	70	209
195	2015-12-10	50	210
197	2015-12-17	12	212
200	2015-12-23	153	215
201	2015-12-12	24	216
202	2015-12-19	62	217
205	2015-11-17	93	220
209	2015-11-02	125	224
210	2015-11-15	128	225
211	2015-11-06	135	226
213	2015-12-05	24	228
223	2016-12-03	67	238
224	2016-12-09	14	239
225	2016-11-14	128	240
227	2016-12-21	24	242
228	2016-11-23	161	243
229	2016-12-03	21	244
230	2016-11-22	148	245
234	2016-12-07	52	249
235	2016-12-06	33	250
238	2016-12-19	149	253
241	2016-11-10	136	256
243	2016-11-25	5	258
245	2016-11-16	78	260
295	2018-12-01	102	310
298	2018-12-15	165	313
299	2018-12-02	19	314
302	2018-11-03	170	317
303	2018-12-03	139	318
305	2018-11-23	45	320
95	2013-12-23	186	110
98	2013-12-19	76	113
100	2013-11-13	118	115
101	2013-11-16	115	116
105	2013-11-29	62	120
106	2013-12-11	143	121
110	2013-12-25	144	125
111	2013-11-30	176	126
114	2013-12-29	156	129
117	2013-11-25	112	132
120	2013-12-24	143	135
121	2013-11-21	34	136
122	2013-12-08	122	137
124	2013-12-28	60	139
126	2013-12-17	160	141
127	2013-11-23	22	142
131	2013-11-08	131	146
133	2013-12-24	131	148
136	2013-12-24	160	151
143	2013-11-02	196	158
148	2013-12-21	62	163
149	2013-12-07	15	164
153	2013-12-24	187	168
411	2020-02-03	108	396
412	2018-08-13	64	397
413	2019-08-25	30	398
414	2018-02-10	146	399
415	2017-11-17	84	400
416	2018-06-21	164	401
417	2018-11-22	53	402
418	2017-11-27	199	403
419	2018-12-29	162	404
420	2019-09-11	2	405
421	2018-06-23	52	406
422	2018-10-28	95	407
423	2018-03-15	53	408
424	2017-12-25	35	409
425	2017-12-04	105	410
426	2018-06-08	183	411
427	2018-07-16	167	412
428	2019-12-26	128	413
429	2018-01-22	83	414
430	2019-10-14	150	415
431	2020-01-07	61	416
432	2018-08-24	145	417
433	2018-11-14	39	418
434	2018-07-20	2	419
435	2019-03-11	42	420
436	2017-12-23	143	421
437	2018-07-12	171	422
438	2018-12-25	199	423
439	2018-08-11	135	424
440	2020-02-05	164	425
441	2019-10-17	110	426
442	2017-12-31	88	427
443	2018-04-12	123	428
444	2018-07-25	185	429
445	2018-08-21	142	430
446	2019-05-24	177	431
447	2018-10-24	123	432
448	2019-03-17	162	433
449	2020-02-22	75	434
450	2018-04-18	84	435
451	2019-08-20	41	436
452	2019-11-05	54	437
453	2018-11-15	148	438
454	2019-01-10	87	439
455	2019-05-14	93	440
456	2018-06-02	12	441
457	2019-12-01	35	442
458	2018-04-17	145	443
459	2019-05-20	124	444
460	2017-11-16	176	445
461	2018-07-17	143	446
462	2019-11-18	88	447
463	2019-10-10	54	448
464	2018-03-11	101	449
465	2019-04-01	85	450
466	2018-06-16	177	451
467	2018-10-28	93	452
468	2017-11-02	182	453
469	2018-05-15	123	454
470	2017-12-01	133	455
471	2018-12-04	164	456
472	2018-11-04	121	457
473	2017-11-11	12	458
474	2018-12-10	64	459
475	2018-05-13	140	460
476	2018-09-11	107	461
477	2018-07-08	201	462
478	2018-08-12	76	463
479	2018-05-06	53	464
480	2018-06-14	91	465
481	2018-02-27	63	466
482	2019-07-23	152	467
483	2019-07-13	119	468
484	2020-01-29	127	469
485	2019-11-02	61	470
486	2018-08-06	16	471
487	2019-05-23	9	472
488	2019-11-13	170	473
489	2019-08-08	187	474
490	2018-03-29	186	475
491	2019-12-31	41	476
492	2018-12-25	23	477
493	2017-12-08	35	478
494	2019-09-08	191	479
495	2018-12-02	69	480
496	2019-09-30	65	481
497	2019-12-22	86	482
498	2018-08-25	78	483
499	2018-09-13	35	484
500	2018-03-18	36	485
501	2018-09-01	81	486
502	2018-01-27	179	487
503	2019-07-22	18	488
504	2020-02-24	12	489
505	2018-03-25	27	490
506	2018-01-04	174	491
507	2019-07-06	78	492
508	2019-03-06	12	493
509	2019-04-01	146	494
510	2018-02-23	45	495
511	2018-09-02	136	496
512	2020-01-26	131	497
513	2019-08-04	94	498
514	2019-03-19	146	499
515	2018-05-04	164	500
516	2017-11-09	143	501
517	2018-09-01	51	502
518	2017-12-17	19	503
519	2017-12-10	22	504
520	2020-01-02	139	505
521	2019-02-03	93	506
522	2019-04-15	118	507
523	2017-12-10	108	508
524	2018-04-02	100	509
525	2019-06-10	68	510
526	2019-03-09	55	511
527	2019-09-19	73	512
528	2018-07-08	153	513
529	2019-03-18	118	514
530	2018-07-12	156	515
531	2018-07-16	150	516
532	2019-02-17	40	517
533	2018-11-05	147	518
534	2019-06-20	195	519
535	2019-03-05	181	520
536	2018-06-26	64	521
537	2018-10-01	101	522
538	2020-02-02	30	523
539	2019-10-06	179	524
540	2018-06-30	142	525
541	2019-03-29	91	526
542	2019-11-06	28	527
543	2020-01-18	34	528
544	2018-03-03	13	529
545	2020-01-03	117	530
546	2019-02-11	120	531
547	2018-05-29	76	532
548	2018-03-03	103	533
549	2020-01-04	35	534
550	2019-08-28	20	535
551	2020-01-22	45	536
552	2019-06-10	89	537
553	2018-02-09	92	538
554	2018-12-12	136	539
555	2018-06-12	134	540
\.


--
-- TOC entry 2253 (class 0 OID 175259)
-- Dependencies: 195
-- Data for Name: measurement; Type: TABLE DATA; Schema: public; Owner: postgres
--

COPY public.measurement (id, value, observation_id, category_id) FROM stdin;
4	7	6	16
5	6	7	16
6	5	8	16
7	0	9	16
8	6	10	16
9	8	11	16
10	10	12	16
11	2	13	16
12	6	14	16
13	4	15	16
14	4	16	16
15	7	17	16
16	2	18	16
17	2	19	16
18	8	20	16
19	7	21	16
20	3	22	16
21	5	23	16
22	2	24	16
23	8	25	16
24	7	26	16
25	7	27	16
26	8	28	16
27	0	29	16
28	3	30	16
29	8	31	16
30	5	32	16
31	3	33	16
32	2	34	16
33	6	35	16
34	7	36	16
35	8	37	16
36	5	38	16
37	1	39	16
38	11	40	16
39	3	41	16
40	8	42	16
41	3	43	16
42	4	44	16
43	0	45	16
44	1	46	16
45	4	47	16
46	6	48	16
47	1	49	16
48	1	50	16
49	3	51	16
50	6	52	16
51	4	53	16
52	6	54	16
53	4	55	16
54	9	56	16
55	8	57	16
56	7	58	16
57	9	59	16
58	1	60	16
59	4	61	16
60	8	62	16
61	3	63	16
62	5	64	16
63	4	65	16
64	0	66	16
65	3	67	16
66	2	68	16
67	4	69	16
68	9	70	16
69	5	71	16
70	5	72	16
71	6	73	16
72	2	74	16
73	4	75	16
74	4	76	16
75	8	77	16
76	7	78	16
77	2	79	16
78	6	80	16
79	8	81	16
80	6	82	16
81	3	83	16
82	4	84	16
85	1	6	10
86	1	7	11
87	1	8	10
88	1	9	10
89	1	10	10
90	1	11	11
91	1	12	10
92	1	13	11
93	1	14	11
94	1	15	10
95	1	16	11
96	1	17	10
97	1	18	11
98	1	19	10
99	1	20	10
100	1	21	10
101	1	22	10
102	1	23	10
103	1	24	10
104	1	25	10
105	1	26	11
106	1	27	10
107	1	28	10
108	1	29	10
109	1	30	10
110	1	31	10
111	1	32	11
112	1	33	10
113	1	34	10
114	1	35	10
115	1	36	11
116	1	37	10
117	1	38	10
118	1	39	11
119	1	40	11
120	1	41	10
121	1	42	10
122	1	43	10
123	1	44	10
124	1	45	10
125	1	46	11
126	1	47	10
127	1	48	10
128	1	49	11
129	1	50	10
130	1	51	10
131	1	52	10
132	1	53	10
133	1	54	10
134	1	55	10
135	1	56	10
136	1	57	10
137	1	58	11
138	1	59	10
139	1	60	10
140	1	61	10
141	1	62	10
142	1	63	10
143	1	64	10
144	1	65	10
145	1	66	10
146	1	67	10
147	1	68	10
148	1	69	10
149	1	70	10
150	1	71	10
151	1	72	10
152	1	73	10
153	1	74	10
154	1	75	10
155	1	76	11
156	1	77	10
157	1	78	10
158	1	79	10
159	1	80	11
160	1	81	11
161	1	82	10
162	1	83	11
163	1	84	10
168	1	85	10
169	1	86	10
170	1	87	11
171	1	88	11
172	1	89	10
173	1	90	10
174	1	91	10
175	1	92	11
176	1	93	10
177	1	94	10
178	1	95	10
179	1	96	10
180	1	97	10
181	1	98	10
182	1	99	10
183	1	100	11
184	1	101	10
185	1	102	10
186	1	103	10
187	1	104	10
188	1	105	10
189	1	106	10
190	1	107	10
191	1	108	10
192	1	109	11
193	1	110	10
194	1	111	11
195	1	112	10
196	1	113	10
197	1	114	10
198	1	115	10
199	1	116	11
200	1	117	11
201	1	118	10
202	1	119	10
203	1	120	10
204	1	121	10
205	1	122	10
206	1	123	11
207	1	124	10
208	1	125	10
209	1	126	10
210	1	127	10
211	1	128	10
212	1	129	10
213	1	130	10
214	1	131	10
215	1	132	10
216	1	133	10
217	1	134	10
218	1	135	11
219	1	136	10
220	1	137	10
221	1	138	10
222	1	139	10
223	1	140	10
224	1	141	10
225	1	142	10
226	1	143	10
227	1	144	10
228	1	145	10
229	1	146	10
230	1	147	10
231	1	148	10
232	1	149	10
233	1	150	10
234	1	151	10
238	0	85	16
239	5	86	16
240	5	87	16
241	4	88	16
242	5	89	16
243	1	90	16
244	4	91	16
245	4	92	16
246	3	93	16
247	6	94	16
248	5	95	16
249	2	96	16
250	7	97	16
251	0	98	16
252	8	99	16
253	1	100	16
254	5	101	16
255	3	102	16
256	5	103	16
257	6	104	16
258	5	105	16
259	1	106	16
260	6	107	16
261	4	108	16
262	4	109	16
263	3	110	16
264	3	111	16
265	4	112	16
266	8	113	16
267	4	114	16
268	1	115	16
269	10	116	16
270	4	117	16
271	3	118	16
272	3	119	16
273	2	120	16
274	9	121	16
275	6	122	16
276	4	123	16
277	6	124	16
278	5	125	16
279	0	126	16
280	6	127	16
281	4	128	16
282	0	129	16
283	7	130	16
284	2	131	16
285	8	132	16
286	3	133	16
287	6	134	16
288	4	135	16
289	0	136	16
290	4	137	16
291	9	138	16
292	9	139	16
293	4	140	16
294	0	141	16
295	4	142	16
296	5	143	16
297	1	144	16
298	2	145	16
299	6	146	16
300	4	147	16
301	5	148	16
302	10	149	16
303	3	150	16
304	3	151	16
305	1	156	10
306	1	157	10
307	1	158	10
308	1	159	10
309	1	160	10
310	1	161	10
311	1	162	10
312	1	163	10
313	1	164	10
314	1	165	10
315	1	166	11
316	1	167	10
317	1	168	11
318	1	169	10
319	1	170	11
320	1	171	10
321	1	172	10
322	1	173	10
323	1	174	10
324	1	175	11
325	1	176	10
326	1	177	11
327	1	178	11
328	1	179	10
329	1	180	11
330	1	181	10
331	1	182	10
332	1	183	10
333	1	184	10
334	1	185	11
335	2	156	16
336	0	157	16
337	2	158	16
338	4	159	16
339	6	160	16
340	5	161	16
341	4	162	16
342	9	163	16
343	6	164	16
344	3	165	16
345	5	166	16
346	0	167	16
347	1	168	16
348	7	169	16
349	5	170	16
350	6	171	16
351	0	172	16
352	4	173	16
353	3	174	16
354	5	175	16
355	0	176	16
356	5	177	16
357	3	178	16
358	7	179	16
359	3	180	16
360	5	181	16
361	5	182	16
362	4	183	16
363	5	184	16
364	2	185	16
365	1	186	10
366	1	187	10
367	1	188	11
368	1	189	11
369	1	190	11
370	1	191	10
371	1	192	11
372	1	193	10
373	1	194	11
374	1	195	10
375	1	196	10
376	1	197	10
377	1	198	10
378	1	199	10
379	1	200	11
380	1	201	10
381	1	202	10
382	1	203	10
383	1	204	10
384	1	205	10
385	1	206	10
386	1	207	10
387	1	208	10
388	1	209	10
389	1	210	10
390	1	211	10
391	1	212	10
392	1	213	10
393	1	214	10
394	1	215	10
395	0	186	16
396	4	187	16
397	10	188	16
398	8	189	16
399	7	190	16
400	3	191	16
401	4	192	16
402	10	193	16
403	5	194	16
404	5	195	16
405	5	196	16
406	7	197	16
407	8	198	16
408	1	199	16
409	5	200	16
410	9	201	16
411	0	202	16
412	4	203	16
413	5	204	16
414	1	205	16
415	9	206	16
416	2	207	16
417	6	208	16
418	5	209	16
419	7	210	16
420	4	211	16
421	6	212	16
422	7	213	16
423	2	214	16
424	2	215	16
425	1	216	10
426	1	217	10
427	1	218	11
428	1	219	10
429	1	220	10
430	1	221	10
431	1	222	11
432	1	223	10
433	1	224	10
434	1	225	10
435	1	226	10
436	1	227	10
437	1	228	10
438	1	229	10
439	1	230	10
440	1	231	11
441	1	232	11
442	1	233	10
443	1	234	10
444	1	235	10
445	1	236	10
446	1	237	10
447	1	238	10
448	1	239	10
449	1	240	10
450	1	241	10
451	1	242	10
452	1	243	10
453	1	244	10
454	1	245	10
455	3	216	16
456	3	217	16
457	9	218	16
458	7	219	16
459	11	220	16
460	8	221	16
461	4	222	16
462	1	223	16
463	4	224	16
464	3	225	16
465	7	226	16
466	2	227	16
467	3	228	16
468	0	229	16
469	12	230	16
470	3	231	16
471	9	232	16
472	9	233	16
473	5	234	16
474	2	235	16
475	1	236	16
476	5	237	16
477	6	238	16
478	4	239	16
479	5	240	16
480	3	241	16
481	0	242	16
482	2	243	16
483	7	244	16
484	5	245	16
485	1	246	16
486	8	247	16
487	0	248	16
488	7	249	16
489	9	250	16
490	2	251	16
491	15	252	16
492	6	253	16
493	8	254	16
494	7	255	16
495	0	256	16
496	12	257	16
497	4	258	16
498	4	259	16
499	6	260	16
500	6	261	16
501	6	262	16
502	4	263	16
503	6	264	16
504	1	265	16
505	3	266	16
506	2	267	16
507	0	268	16
508	11	269	16
509	8	270	16
510	7	271	16
511	0	272	16
512	10	273	16
513	10	274	16
514	6	275	16
515	1	246	11
516	1	247	10
517	1	248	10
518	1	249	10
519	1	250	10
520	1	251	10
521	1	252	10
522	1	253	10
523	1	254	10
524	1	255	10
525	1	256	10
526	1	257	10
527	1	258	10
528	1	259	10
529	1	260	10
530	1	261	11
531	1	262	11
532	1	263	10
533	1	264	10
534	1	265	10
535	1	266	10
536	1	267	10
537	1	268	10
538	1	269	10
539	1	270	10
540	1	271	10
541	1	272	10
542	1	273	10
543	1	274	10
544	1	275	10
575	1	276	10
576	1	277	10
577	1	278	10
578	1	279	10
579	1	280	11
580	1	281	11
581	1	282	11
582	1	283	10
583	1	284	10
584	1	285	10
585	1	286	10
586	1	287	10
587	1	288	10
588	1	289	11
589	1	290	10
590	1	291	10
591	1	292	11
592	1	293	10
593	1	294	10
594	1	295	10
595	1	296	10
596	1	297	11
597	1	298	10
598	1	299	10
599	1	300	10
600	1	301	10
601	1	302	10
602	1	303	10
603	1	304	10
604	1	305	10
605	2	276	16
606	0	277	16
607	4	278	16
608	6	279	16
609	5	280	16
610	9	281	16
611	1	282	16
612	2	283	16
613	0	284	16
614	6	285	16
615	4	286	16
616	0	287	16
617	5	288	16
618	10	289	16
619	5	290	16
620	1	291	16
621	5	292	16
622	3	293	16
623	3	294	16
624	0	295	16
625	5	296	16
626	3	297	16
627	4	298	16
628	5	299	16
629	9	300	16
630	2	301	16
631	5	302	16
632	4	303	16
633	6	304	16
634	10	305	16
635	1	306	17
636	1	307	17
637	1	308	17
638	1	309	17
640	1	311	17
641	1	312	17
642	2	313	17
643	1	314	17
648	1	319	17
651	1	322	17
652	2	323	17
660	2	331	17
661	3	332	17
662	1	333	17
664	1	335	17
665	1	336	17
667	1	338	17
669	2	340	17
670	1	341	17
672	1	343	17
673	1	344	17
675	2	346	17
676	1	347	17
679	1	350	17
680	1	351	17
683	1	354	17
686	1	357	17
687	1	358	17
689	1	360	17
690	2	361	17
691	1	362	17
692	2	363	17
693	2	364	17
694	1	365	17
695	2	366	17
696	1	367	17
698	1	369	17
699	2	370	17
701	1	372	17
702	1	373	17
704	1	375	17
705	1	376	17
706	1	377	17
709	1	380	17
710	2	381	17
712	1	383	17
714	2	385	17
715	1	386	17
716	2	387	17
718	2	389	17
719	2	390	17
720	3	391	17
724	2	395	17
725	1	396	17
726	2	397	17
729	3	400	17
730	2	401	17
731	2	402	17
734	1	405	17
736	1	407	17
737	1	408	17
738	2	409	17
739	3	410	17
740	1	411	17
742	3	413	17
743	1	414	17
744	1	415	17
746	1	417	17
747	3	418	17
748	2	419	17
749	1	420	17
751	1	422	17
753	1	424	17
755	3	426	17
757	3	428	17
759	1	430	17
760	1	431	17
763	1	434	17
764	1	435	17
766	1	437	17
774	2	445	17
776	1	447	17
779	1	450	17
781	1	452	17
644	1	315	17
655	1	326	17
658	1	329	17
659	1	330	17
674	1	345	17
682	1	353	17
767	1	438	17
768	1	439	17
732	1	403	17
750	1	421	17
758	1	429	17
647	1	318	17
650	1	321	17
653	1	324	17
663	1	334	17
666	1	337	17
707	1	378	17
708	1	379	17
711	1	382	17
717	1	388	17
645	1	316	17
678	1	349	17
684	1	355	17
697	1	368	17
703	1	374	17
722	1	393	17
728	1	399	17
733	1	404	17
771	1	442	17
778	1	449	17
657	1	328	17
668	1	339	17
671	1	342	17
677	1	348	17
681	1	352	17
688	1	359	17
721	1	392	17
723	1	394	17
727	1	398	17
745	1	416	17
752	1	423	17
754	1	425	17
756	1	427	17
761	1	432	17
773	1	444	17
775	1	446	17
782	1	453	17
787	1	458	17
788	1	459	17
789	3	460	17
790	1	461	17
793	1	464	17
794	1	465	17
795	1	466	17
797	2	468	17
798	1	469	17
799	1	470	17
800	1	471	17
805	1	476	17
810	1	481	17
811	1	482	17
813	3	484	17
814	1	485	17
817	3	488	17
819	1	490	17
820	1	491	17
821	2	492	17
823	1	494	17
824	2	495	17
825	2	496	17
826	2	497	17
827	1	498	17
828	2	499	17
829	3	500	17
830	1	501	17
831	3	502	17
832	2	503	17
833	2	504	17
836	1	507	17
837	2	508	17
838	2	509	17
839	2	510	17
840	1	511	17
843	1	514	17
844	1	515	17
845	3	516	17
846	1	517	17
847	2	518	17
849	2	520	17
850	3	521	17
851	1	522	17
854	2	525	17
855	2	526	17
856	2	527	17
861	1	532	17
863	1	534	17
864	2	535	17
865	2	536	17
866	2	537	17
867	2	538	17
868	1	539	17
869	2	540	17
871	2	542	17
873	1	544	17
874	1	545	17
878	1	549	17
879	3	550	17
880	1	551	17
881	1	552	17
882	1	553	17
883	1	554	17
884	2	555	17
639	1	310	17
646	1	317	17
649	1	320	17
654	1	325	17
656	1	327	17
685	1	356	17
700	1	371	17
713	1	384	17
783	1	454	17
803	1	474	17
807	1	478	17
812	1	483	17
858	1	529	17
860	1	531	17
862	1	533	17
875	1	546	17
876	1	547	17
877	1	548	17
777	1	448	17
780	1	451	17
792	1	463	17
815	1	486	17
841	1	512	17
848	1	519	17
852	1	523	17
857	1	528	17
859	1	530	17
735	1	406	17
741	1	412	17
770	1	441	17
772	1	443	17
784	1	455	17
785	1	456	17
786	1	457	17
796	1	467	17
801	1	472	17
802	1	473	17
804	1	475	17
816	1	487	17
822	1	493	17
834	1	505	17
835	1	506	17
842	1	513	17
853	1	524	17
870	1	541	17
872	1	543	17
762	1	433	17
765	1	436	17
769	1	440	17
791	1	462	17
806	1	477	17
808	1	479	17
809	1	480	17
818	1	489	17
\.

